"Benchmark","Mode","Threads","Samples","Score","Score Error (99.9%)","Unit","Param: size"
"customlist.CustomListPerformanceTest.customAdd","avgt",1,5,29825.923240,6500.853227,"ns/op",10000
"customlist.CustomListPerformanceTest.customAdd","avgt",1,5,52306.679817,8412.055242,"ns/op",20000
"customlist.CustomListPerformanceTest.customAdd","avgt",1,5,78338.242881,20655.002273,"ns/op",30000
"customlist.CustomListPerformanceTest.customAdd","avgt",1,5,100412.479656,4597.227842,"ns/op",40000
"customlist.CustomListPerformanceTest.customAdd","avgt",1,5,131372.840320,13139.594214,"ns/op",50000
"customlist.CustomListPerformanceTest.customAdd","avgt",1,5,175008.184840,43631.124370,"ns/op",70000
"customlist.CustomListPerformanceTest.customAdd","avgt",1,5,202418.606199,7545.239645,"ns/op",80000
"customlist.CustomListPerformanceTest.customAdd","avgt",1,5,225680.111738,23316.426748,"ns/op",90000
"customlist.CustomListPerformanceTest.customAdd","avgt",1,5,253149.046807,60085.736641,"ns/op",100000
"customlist.CustomListPerformanceTest.customAddAll","avgt",1,5,4006.101130,644.804505,"ns/op",10000
"customlist.CustomListPerformanceTest.customAddAll","avgt",1,5,7939.402306,1335.889083,"ns/op",20000
"customlist.CustomListPerformanceTest.customAddAll","avgt",1,5,12004.665004,1426.049114,"ns/op",30000
"customlist.CustomListPerformanceTest.customAddAll","avgt",1,5,17134.296977,2098.264273,"ns/op",40000
"customlist.CustomListPerformanceTest.customAddAll","avgt",1,5,24591.177132,12617.721587,"ns/op",50000
"customlist.CustomListPerformanceTest.customAddAll","avgt",1,5,30782.841483,1592.044622,"ns/op",70000
"customlist.CustomListPerformanceTest.customAddAll","avgt",1,5,37740.636486,6565.773387,"ns/op",80000
"customlist.CustomListPerformanceTest.customAddAll","avgt",1,5,39022.635548,1523.493784,"ns/op",90000
"customlist.CustomListPerformanceTest.customAddAll","avgt",1,5,43876.533967,3380.006646,"ns/op",100000
"customlist.CustomListPerformanceTest.customAddAllIndex","avgt",1,5,4040.885886,509.808395,"ns/op",10000
"customlist.CustomListPerformanceTest.customAddAllIndex","avgt",1,5,7906.317010,2033.433597,"ns/op",20000
"customlist.CustomListPerformanceTest.customAddAllIndex","avgt",1,5,11905.045204,495.805239,"ns/op",30000
"customlist.CustomListPerformanceTest.customAddAllIndex","avgt",1,5,17401.416656,929.153735,"ns/op",40000
"customlist.CustomListPerformanceTest.customAddAllIndex","avgt",1,5,23902.128039,12600.705377,"ns/op",50000
"customlist.CustomListPerformanceTest.customAddAllIndex","avgt",1,5,29969.656688,918.435923,"ns/op",70000
"customlist.CustomListPerformanceTest.customAddAllIndex","avgt",1,5,36038.284876,249.087889,"ns/op",80000
"customlist.CustomListPerformanceTest.customAddAllIndex","avgt",1,5,38668.104849,423.955583,"ns/op",90000
"customlist.CustomListPerformanceTest.customAddAllIndex","avgt",1,5,42825.814799,337.848145,"ns/op",100000
"customlist.CustomListPerformanceTest.customAddIndex","avgt",1,5,3867220.225131,38583.929879,"ns/op",10000
"customlist.CustomListPerformanceTest.customAddIndex","avgt",1,5,15914714.085801,1907575.979647,"ns/op",20000
"customlist.CustomListPerformanceTest.customAddIndex","avgt",1,5,35190407.489655,401906.630101,"ns/op",30000
"customlist.CustomListPerformanceTest.customAddIndex","avgt",1,5,65540478.650000,959232.062689,"ns/op",40000
"customlist.CustomListPerformanceTest.customAddIndex","avgt",1,5,106954728.320000,532919.119762,"ns/op",50000
"customlist.CustomListPerformanceTest.customAddIndex","avgt",1,5,217341598.400000,1236806.492667,"ns/op",70000
"customlist.CustomListPerformanceTest.customAddIndex","avgt",1,5,285845762.400000,1909299.193952,"ns/op",80000
"customlist.CustomListPerformanceTest.customAddIndex","avgt",1,5,364118838.933333,3012497.115048,"ns/op",90000
"customlist.CustomListPerformanceTest.customAddIndex","avgt",1,5,451075455.533333,3676729.443220,"ns/op",100000
"customlist.CustomListPerformanceTest.customCapacityConstructor","avgt",1,5,443.464377,10.334072,"ns/op",10000
"customlist.CustomListPerformanceTest.customCapacityConstructor","avgt",1,5,948.673050,779.345498,"ns/op",20000
"customlist.CustomListPerformanceTest.customCapacityConstructor","avgt",1,5,1093.065814,87.240012,"ns/op",30000
"customlist.CustomListPerformanceTest.customCapacityConstructor","avgt",1,5,2411.566249,4831.253336,"ns/op",40000
"customlist.CustomListPerformanceTest.customCapacityConstructor","avgt",1,5,1892.066278,247.136758,"ns/op",50000
"customlist.CustomListPerformanceTest.customCapacityConstructor","avgt",1,5,2542.014222,127.088521,"ns/op",70000
"customlist.CustomListPerformanceTest.customCapacityConstructor","avgt",1,5,3468.048605,528.522631,"ns/op",80000
"customlist.CustomListPerformanceTest.customCapacityConstructor","avgt",1,5,3271.714729,467.495444,"ns/op",90000
"customlist.CustomListPerformanceTest.customCapacityConstructor","avgt",1,5,4422.269704,368.010058,"ns/op",100000
"customlist.CustomListPerformanceTest.customClear","avgt",1,5,8644.312430,8301.898594,"ns/op",10000
"customlist.CustomListPerformanceTest.customClear","avgt",1,5,16892.039570,18554.730909,"ns/op",20000
"customlist.CustomListPerformanceTest.customClear","avgt",1,5,18739.541121,181.196884,"ns/op",30000
"customlist.CustomListPerformanceTest.customClear","avgt",1,5,26271.432208,137.372064,"ns/op",40000
"customlist.CustomListPerformanceTest.customClear","avgt",1,5,33135.420022,10555.097468,"ns/op",50000
"customlist.CustomListPerformanceTest.customClear","avgt",1,5,45719.085945,732.101775,"ns/op",70000
"customlist.CustomListPerformanceTest.customClear","avgt",1,5,53823.268883,1085.812159,"ns/op",80000
"customlist.CustomListPerformanceTest.customClear","avgt",1,5,59691.576865,8257.169698,"ns/op",90000
"customlist.CustomListPerformanceTest.customClear","avgt",1,5,65702.306168,6228.892390,"ns/op",100000
"customlist.CustomListPerformanceTest.customCollectionConstructor","avgt",1,5,4011.392891,13.359537,"ns/op",10000
"customlist.CustomListPerformanceTest.customCollectionConstructor","avgt",1,5,7945.360961,926.224886,"ns/op",20000
"customlist.CustomListPerformanceTest.customCollectionConstructor","avgt",1,5,11403.370114,176.367558,"ns/op",30000
"customlist.CustomListPerformanceTest.customCollectionConstructor","avgt",1,5,16906.567944,102.325994,"ns/op",40000
"customlist.CustomListPerformanceTest.customCollectionConstructor","avgt",1,5,22975.520934,12408.374223,"ns/op",50000
"customlist.CustomListPerformanceTest.customCollectionConstructor","avgt",1,5,30828.925772,6475.082649,"ns/op",70000
"customlist.CustomListPerformanceTest.customCollectionConstructor","avgt",1,5,36462.860576,1248.807812,"ns/op",80000
"customlist.CustomListPerformanceTest.customCollectionConstructor","avgt",1,5,45579.507990,40148.838639,"ns/op",90000
"customlist.CustomListPerformanceTest.customCollectionConstructor","avgt",1,5,44217.944376,10205.456925,"ns/op",100000
"customlist.CustomListPerformanceTest.customContains","avgt",1,5,22598211.879293,437105.101370,"ns/op",10000
"customlist.CustomListPerformanceTest.customContains","avgt",1,5,22837998.957374,750339.731389,"ns/op",20000
"customlist.CustomListPerformanceTest.customContains","avgt",1,5,22373642.865380,1063888.939093,"ns/op",30000
"customlist.CustomListPerformanceTest.customContains","avgt",1,5,22617581.820404,968766.691723,"ns/op",40000
"customlist.CustomListPerformanceTest.customContains","avgt",1,5,22484417.038889,118194.620659,"ns/op",50000
"customlist.CustomListPerformanceTest.customContains","avgt",1,5,22376131.480000,337664.478754,"ns/op",70000
"customlist.CustomListPerformanceTest.customContains","avgt",1,5,22417517.573333,376677.038607,"ns/op",80000
"customlist.CustomListPerformanceTest.customContains","avgt",1,5,22544393.908384,463263.288288,"ns/op",90000
"customlist.CustomListPerformanceTest.customContains","avgt",1,5,22447230.375758,700476.830896,"ns/op",100000
"customlist.CustomListPerformanceTest.customContainsAll","avgt",1,5,41345.447830,108.563929,"ns/op",10000
"customlist.CustomListPerformanceTest.customContainsAll","avgt",1,5,90699.666736,199.114128,"ns/op",20000
"customlist.CustomListPerformanceTest.customContainsAll","avgt",1,5,102696.610874,657.132899,"ns/op",30000
"customlist.CustomListPerformanceTest.customContainsAll","avgt",1,5,135194.002953,1180.166282,"ns/op",40000
"customlist.CustomListPerformanceTest.customContainsAll","avgt",1,5,166208.769542,1316.516911,"ns/op",50000
"customlist.CustomListPerformanceTest.customContainsAll","avgt",1,5,226370.312173,1190.552669,"ns/op",70000
"customlist.CustomListPerformanceTest.customContainsAll","avgt",1,5,258640.974865,1858.039211,"ns/op",80000
"customlist.CustomListPerformanceTest.customContainsAll","avgt",1,5,287991.852796,1949.403107,"ns/op",90000
"customlist.CustomListPerformanceTest.customContainsAll","avgt",1,5,320866.777810,4424.912622,"ns/op",100000
"customlist.CustomListPerformanceTest.customDefaultConstructor","avgt",1,5,20.949519,8.373321,"ns/op",10000
"customlist.CustomListPerformanceTest.customDefaultConstructor","avgt",1,5,26.200145,2.462545,"ns/op",20000
"customlist.CustomListPerformanceTest.customDefaultConstructor","avgt",1,5,25.671773,2.867138,"ns/op",30000
"customlist.CustomListPerformanceTest.customDefaultConstructor","avgt",1,5,33.964465,6.116498,"ns/op",40000
"customlist.CustomListPerformanceTest.customDefaultConstructor","avgt",1,5,27.938919,2.281058,"ns/op",50000
"customlist.CustomListPerformanceTest.customDefaultConstructor","avgt",1,5,28.356772,3.868144,"ns/op",70000
"customlist.CustomListPerformanceTest.customDefaultConstructor","avgt",1,5,29.672090,4.361037,"ns/op",80000
"customlist.CustomListPerformanceTest.customDefaultConstructor","avgt",1,5,30.613796,4.121213,"ns/op",90000
"customlist.CustomListPerformanceTest.customDefaultConstructor","avgt",1,5,32.586301,5.609528,"ns/op",100000
"customlist.CustomListPerformanceTest.customEquals","avgt",1,5,12298.485408,144.301180,"ns/op",10000
"customlist.CustomListPerformanceTest.customEquals","avgt",1,5,24577.199380,1812.167547,"ns/op",20000
"customlist.CustomListPerformanceTest.customEquals","avgt",1,5,36393.126519,101.240847,"ns/op",30000
"customlist.CustomListPerformanceTest.customEquals","avgt",1,5,50324.903663,392.907882,"ns/op",40000
"customlist.CustomListPerformanceTest.customEquals","avgt",1,5,63358.514602,8993.828109,"ns/op",50000
"customlist.CustomListPerformanceTest.customEquals","avgt",1,5,88119.886335,9039.807887,"ns/op",70000
"customlist.CustomListPerformanceTest.customEquals","avgt",1,5,102513.634172,928.923544,"ns/op",80000
"customlist.CustomListPerformanceTest.customEquals","avgt",1,5,113064.311726,1726.689972,"ns/op",90000
"customlist.CustomListPerformanceTest.customEquals","avgt",1,5,124077.253298,513.266261,"ns/op",100000
"customlist.CustomListPerformanceTest.customGet","avgt",1,5,5442.411048,211.954983,"ns/op",10000
"customlist.CustomListPerformanceTest.customGet","avgt",1,5,9948.442931,1311.653558,"ns/op",20000
"customlist.CustomListPerformanceTest.customGet","avgt",1,5,14824.930793,964.999666,"ns/op",30000
"customlist.CustomListPerformanceTest.customGet","avgt",1,5,21435.168971,1946.199145,"ns/op",40000
"customlist.CustomListPerformanceTest.customGet","avgt",1,5,26814.095444,9567.057908,"ns/op",50000
"customlist.CustomListPerformanceTest.customGet","avgt",1,5,36413.423473,596.969813,"ns/op",70000
"customlist.CustomListPerformanceTest.customGet","avgt",1,5,44733.313638,784.959206,"ns/op",80000
"customlist.CustomListPerformanceTest.customGet","avgt",1,5,47299.696246,2303.221141,"ns/op",90000
"customlist.CustomListPerformanceTest.customGet","avgt",1,5,52114.065300,1169.909997,"ns/op",100000
"customlist.CustomListPerformanceTest.customHashCode","avgt",1,5,13091.433907,70.098643,"ns/op",10000
"customlist.CustomListPerformanceTest.customHashCode","avgt",1,5,25941.123802,1661.350521,"ns/op",20000
"customlist.CustomListPerformanceTest.customHashCode","avgt",1,5,39028.219896,334.137475,"ns/op",30000
"customlist.CustomListPerformanceTest.customHashCode","avgt",1,5,53185.844238,162.653461,"ns/op",40000
"customlist.CustomListPerformanceTest.customHashCode","avgt",1,5,67907.121151,10563.704278,"ns/op",50000
"customlist.CustomListPerformanceTest.customHashCode","avgt",1,5,92902.406108,840.229248,"ns/op",70000
"customlist.CustomListPerformanceTest.customHashCode","avgt",1,5,108534.671244,883.781410,"ns/op",80000
"customlist.CustomListPerformanceTest.customHashCode","avgt",1,5,120919.218834,1493.957753,"ns/op",90000
"customlist.CustomListPerformanceTest.customHashCode","avgt",1,5,133003.570043,1104.549088,"ns/op",100000
"customlist.CustomListPerformanceTest.customIndexOf","avgt",1,5,24074370.080952,218224.609594,"ns/op",10000
"customlist.CustomListPerformanceTest.customIndexOf","avgt",1,5,24487076.096516,713321.291587,"ns/op",20000
"customlist.CustomListPerformanceTest.customIndexOf","avgt",1,5,23917337.714286,369679.187999,"ns/op",30000
"customlist.CustomListPerformanceTest.customIndexOf","avgt",1,5,24223986.076190,149709.035317,"ns/op",40000
"customlist.CustomListPerformanceTest.customIndexOf","avgt",1,5,24262694.438095,224078.493133,"ns/op",50000
"customlist.CustomListPerformanceTest.customIndexOf","avgt",1,5,24175852.537979,411841.739902,"ns/op",70000
"customlist.CustomListPerformanceTest.customIndexOf","avgt",1,5,24379037.168571,1911332.823541,"ns/op",80000
"customlist.CustomListPerformanceTest.customIndexOf","avgt",1,5,24247079.915331,383006.097825,"ns/op",90000
"customlist.CustomListPerformanceTest.customIndexOf","avgt",1,5,24312030.829268,315034.549401,"ns/op",100000
"customlist.CustomListPerformanceTest.customIsEmpty","avgt",1,5,4054.751851,75.773273,"ns/op",10000
"customlist.CustomListPerformanceTest.customIsEmpty","avgt",1,5,8037.078933,1363.867816,"ns/op",20000
"customlist.CustomListPerformanceTest.customIsEmpty","avgt",1,5,11753.704904,191.835822,"ns/op",30000
"customlist.CustomListPerformanceTest.customIsEmpty","avgt",1,5,17040.065388,175.746837,"ns/op",40000
"customlist.CustomListPerformanceTest.customIsEmpty","avgt",1,5,23480.680225,10571.009821,"ns/op",50000
"customlist.CustomListPerformanceTest.customIsEmpty","avgt",1,5,29445.507886,1125.770886,"ns/op",70000
"customlist.CustomListPerformanceTest.customIsEmpty","avgt",1,5,35866.646103,6541.743509,"ns/op",80000
"customlist.CustomListPerformanceTest.customIsEmpty","avgt",1,5,38461.836078,147.003744,"ns/op",90000
"customlist.CustomListPerformanceTest.customIsEmpty","avgt",1,5,41292.985707,1660.013105,"ns/op",100000
"customlist.CustomListPerformanceTest.customIteratorNext","avgt",1,5,8028.906329,610.466170,"ns/op",10000
"customlist.CustomListPerformanceTest.customIteratorNext","avgt",1,5,14884.929803,1199.645397,"ns/op",20000
"customlist.CustomListPerformanceTest.customIteratorNext","avgt",1,5,22168.222737,563.902568,"ns/op",30000
"customlist.CustomListPerformanceTest.customIteratorNext","avgt",1,5,30981.827117,129.957961,"ns/op",40000
"customlist.CustomListPerformanceTest.customIteratorNext","avgt",1,5,40866.261520,10337.067978,"ns/op",50000
"customlist.CustomListPerformanceTest.customIteratorNext","avgt",1,5,52964.293085,166.901959,"ns/op",70000
"customlist.CustomListPerformanceTest.customIteratorNext","avgt",1,5,63637.161960,2985.053424,"ns/op",80000
"customlist.CustomListPerformanceTest.customIteratorNext","avgt",1,5,69287.613043,1562.604662,"ns/op",90000
"customlist.CustomListPerformanceTest.customIteratorNext","avgt",1,5,76867.799906,1272.790656,"ns/op",100000
"customlist.CustomListPerformanceTest.customLastIndexOf","avgt",1,5,23866365.956478,108496.178438,"ns/op",10000
"customlist.CustomListPerformanceTest.customLastIndexOf","avgt",1,5,67804312.853333,1541373.990820,"ns/op",20000
"customlist.CustomListPerformanceTest.customLastIndexOf","avgt",1,5,111835355.411111,1944524.650881,"ns/op",30000
"customlist.CustomListPerformanceTest.customLastIndexOf","avgt",1,5,156049794.000000,1684726.346109,"ns/op",40000
"customlist.CustomListPerformanceTest.customLastIndexOf","avgt",1,5,200967022.340000,4039515.303069,"ns/op",50000
"customlist.CustomListPerformanceTest.customLastIndexOf","avgt",1,5,287059150.000000,10808512.334243,"ns/op",70000
"customlist.CustomListPerformanceTest.customLastIndexOf","avgt",1,5,330528168.900000,12867725.970166,"ns/op",80000
"customlist.CustomListPerformanceTest.customLastIndexOf","avgt",1,5,373903063.933333,13295123.466954,"ns/op",90000
"customlist.CustomListPerformanceTest.customLastIndexOf","avgt",1,5,415682463.866667,28837348.857778,"ns/op",100000
"customlist.CustomListPerformanceTest.customListIteratorAdd","avgt",1,5,35112.392139,341.690279,"ns/op",10000
"customlist.CustomListPerformanceTest.customListIteratorAdd","avgt",1,5,64394.574549,309.720686,"ns/op",20000
"customlist.CustomListPerformanceTest.customListIteratorAdd","avgt",1,5,95424.621171,3068.700265,"ns/op",30000
"customlist.CustomListPerformanceTest.customListIteratorAdd","avgt",1,5,126905.127805,641.558371,"ns/op",40000
"customlist.CustomListPerformanceTest.customListIteratorAdd","avgt",1,5,162117.216421,3258.898587,"ns/op",50000
"customlist.CustomListPerformanceTest.customListIteratorAdd","avgt",1,5,217328.578584,2762.042377,"ns/op",70000
"customlist.CustomListPerformanceTest.customListIteratorAdd","avgt",1,5,255818.300834,7835.467266,"ns/op",80000
"customlist.CustomListPerformanceTest.customListIteratorAdd","avgt",1,5,277870.618504,1450.874222,"ns/op",90000
"customlist.CustomListPerformanceTest.customListIteratorAdd","avgt",1,5,310810.664482,4302.324758,"ns/op",100000
"customlist.CustomListPerformanceTest.customListIteratorRemove","avgt",1,5,3909311.268930,37814.129066,"ns/op",10000
"customlist.CustomListPerformanceTest.customListIteratorRemove","avgt",1,5,15516731.311298,83737.671653,"ns/op",20000
"customlist.CustomListPerformanceTest.customListIteratorRemove","avgt",1,5,35001710.310345,81513.138258,"ns/op",30000
"customlist.CustomListPerformanceTest.customListIteratorRemove","avgt",1,5,64932342.162500,604537.653693,"ns/op",40000
"customlist.CustomListPerformanceTest.customListIteratorRemove","avgt",1,5,106312680.000000,1598801.471180,"ns/op",50000
"customlist.CustomListPerformanceTest.customListIteratorRemove","avgt",1,5,215637081.720000,2065013.219231,"ns/op",70000
"customlist.CustomListPerformanceTest.customListIteratorRemove","avgt",1,5,283707222.800000,774034.586735,"ns/op",80000
"customlist.CustomListPerformanceTest.customListIteratorRemove","avgt",1,5,361575419.533333,3041757.421420,"ns/op",90000
"customlist.CustomListPerformanceTest.customListIteratorRemove","avgt",1,5,447717283.266667,1841721.908979,"ns/op",100000
"customlist.CustomListPerformanceTest.customListIteratorSet","avgt",1,5,19880.168239,1998.540643,"ns/op",10000
"customlist.CustomListPerformanceTest.customListIteratorSet","avgt",1,5,38770.540640,1218.465181,"ns/op",20000
"customlist.CustomListPerformanceTest.customListIteratorSet","avgt",1,5,57685.287891,401.452662,"ns/op",30000
"customlist.CustomListPerformanceTest.customListIteratorSet","avgt",1,5,78930.804224,318.842551,"ns/op",40000
"customlist.CustomListPerformanceTest.customListIteratorSet","avgt",1,5,98354.989140,7828.201298,"ns/op",50000
"customlist.CustomListPerformanceTest.customListIteratorSet","avgt",1,5,137246.603651,2082.874790,"ns/op",70000
"customlist.CustomListPerformanceTest.customListIteratorSet","avgt",1,5,158915.292237,1260.254499,"ns/op",80000
"customlist.CustomListPerformanceTest.customListIteratorSet","avgt",1,5,176682.717999,4853.490592,"ns/op",90000
"customlist.CustomListPerformanceTest.customListIteratorSet","avgt",1,5,192718.224688,5753.299913,"ns/op",100000
"customlist.CustomListPerformanceTest.customRemoveAll","avgt",1,5,72515.721073,244.930918,"ns/op",10000
"customlist.CustomListPerformanceTest.customRemoveAll","avgt",1,5,147639.569339,311.745290,"ns/op",20000
"customlist.CustomListPerformanceTest.customRemoveAll","avgt",1,5,220244.177890,1416.767232,"ns/op",30000
"customlist.CustomListPerformanceTest.customRemoveAll","avgt",1,5,322481.146100,4761.269995,"ns/op",40000
"customlist.CustomListPerformanceTest.customRemoveAll","avgt",1,5,402644.384769,2223.167811,"ns/op",50000
"customlist.CustomListPerformanceTest.customRemoveAll","avgt",1,5,518500.808904,3090.719909,"ns/op",70000
"customlist.CustomListPerformanceTest.customRemoveAll","avgt",1,5,578810.309655,2777.152778,"ns/op",80000
"customlist.CustomListPerformanceTest.customRemoveAll","avgt",1,5,675307.563921,7125.826177,"ns/op",90000
"customlist.CustomListPerformanceTest.customRemoveAll","avgt",1,5,737838.221057,8331.084461,"ns/op",100000
"customlist.CustomListPerformanceTest.customRemoveIndex","avgt",1,5,30205.737224,131.374028,"ns/op",10000
"customlist.CustomListPerformanceTest.customRemoveIndex","avgt",1,5,61583.132867,832.271933,"ns/op",20000
"customlist.CustomListPerformanceTest.customRemoveIndex","avgt",1,5,98385.500212,90.829249,"ns/op",30000
"customlist.CustomListPerformanceTest.customRemoveIndex","avgt",1,5,118615.696856,5404.255196,"ns/op",40000
"customlist.CustomListPerformanceTest.customRemoveIndex","avgt",1,5,149820.417205,9245.011943,"ns/op",50000
"customlist.CustomListPerformanceTest.customRemoveIndex","avgt",1,5,271940.226458,1525.403380,"ns/op",70000
"customlist.CustomListPerformanceTest.customRemoveIndex","avgt",1,5,239285.851033,559.983294,"ns/op",80000
"customlist.CustomListPerformanceTest.customRemoveIndex","avgt",1,5,267729.973104,1916.938037,"ns/op",90000
"customlist.CustomListPerformanceTest.customRemoveIndex","avgt",1,5,297057.230423,7926.436227,"ns/op",100000
"customlist.CustomListPerformanceTest.customRemoveObject","avgt",1,5,3926062.626688,168573.269060,"ns/op",10000
"customlist.CustomListPerformanceTest.customRemoveObject","avgt",1,5,15539287.040000,220675.041968,"ns/op",20000
"customlist.CustomListPerformanceTest.customRemoveObject","avgt",1,5,35144608.089655,692500.155196,"ns/op",30000
"customlist.CustomListPerformanceTest.customRemoveObject","avgt",1,5,65664505.200000,302487.172895,"ns/op",40000
"customlist.CustomListPerformanceTest.customRemoveObject","avgt",1,5,106990861.620000,189261.031980,"ns/op",50000
"customlist.CustomListPerformanceTest.customRemoveObject","avgt",1,5,217221361.640000,854158.571790,"ns/op",70000
"customlist.CustomListPerformanceTest.customRemoveObject","avgt",1,5,284997560.400000,1685029.528411,"ns/op",80000
"customlist.CustomListPerformanceTest.customRemoveObject","avgt",1,5,363519577.533333,7006736.258359,"ns/op",90000
"customlist.CustomListPerformanceTest.customRemoveObject","avgt",1,5,453237738.933333,25425048.483507,"ns/op",100000
"customlist.CustomListPerformanceTest.customRetainAll","avgt",1,5,79573.438497,331.425051,"ns/op",10000
"customlist.CustomListPerformanceTest.customRetainAll","avgt",1,5,148600.453057,12512.170777,"ns/op",20000
"customlist.CustomListPerformanceTest.customRetainAll","avgt",1,5,244263.872108,2566.479478,"ns/op",30000
"customlist.CustomListPerformanceTest.customRetainAll","avgt",1,5,326923.070330,9854.924591,"ns/op",40000
"customlist.CustomListPerformanceTest.customRetainAll","avgt",1,5,397890.701776,3013.076620,"ns/op",50000
"customlist.CustomListPerformanceTest.customRetainAll","avgt",1,5,573520.775811,12298.420299,"ns/op",70000
"customlist.CustomListPerformanceTest.customRetainAll","avgt",1,5,652191.236936,10436.199501,"ns/op",80000
"customlist.CustomListPerformanceTest.customRetainAll","avgt",1,5,755409.627486,22512.104421,"ns/op",90000
"customlist.CustomListPerformanceTest.customRetainAll","avgt",1,5,830912.837787,22063.629109,"ns/op",100000
"customlist.CustomListPerformanceTest.customSet","avgt",1,5,25390.371037,1818.444231,"ns/op",10000
"customlist.CustomListPerformanceTest.customSet","avgt",1,5,48327.539204,409.555591,"ns/op",20000
"customlist.CustomListPerformanceTest.customSet","avgt",1,5,72598.362879,909.689335,"ns/op",30000
"customlist.CustomListPerformanceTest.customSet","avgt",1,5,97100.139770,1285.127830,"ns/op",40000
"customlist.CustomListPerformanceTest.customSet","avgt",1,5,121874.961836,2055.218476,"ns/op",50000
"customlist.CustomListPerformanceTest.customSet","avgt",1,5,170894.626150,6513.272578,"ns/op",70000
"customlist.CustomListPerformanceTest.customSet","avgt",1,5,200107.182296,10444.270108,"ns/op",80000
"customlist.CustomListPerformanceTest.customSet","avgt",1,5,226485.435664,1963.807035,"ns/op",90000
"customlist.CustomListPerformanceTest.customSet","avgt",1,5,251132.067683,5380.278279,"ns/op",100000
"customlist.CustomListPerformanceTest.customSize","avgt",1,5,4030.993540,69.159185,"ns/op",10000
"customlist.CustomListPerformanceTest.customSize","avgt",1,5,8052.340233,1255.943945,"ns/op",20000
"customlist.CustomListPerformanceTest.customSize","avgt",1,5,11608.594161,259.277318,"ns/op",30000
"customlist.CustomListPerformanceTest.customSize","avgt",1,5,17022.057696,2395.903395,"ns/op",40000
"customlist.CustomListPerformanceTest.customSize","avgt",1,5,22604.636755,10848.662385,"ns/op",50000
"customlist.CustomListPerformanceTest.customSize","avgt",1,5,29895.804454,2249.700652,"ns/op",70000
"customlist.CustomListPerformanceTest.customSize","avgt",1,5,35080.315552,7386.686746,"ns/op",80000
"customlist.CustomListPerformanceTest.customSize","avgt",1,5,38088.100781,569.261556,"ns/op",90000
"customlist.CustomListPerformanceTest.customSize","avgt",1,5,42366.759723,665.342769,"ns/op",100000
"customlist.CustomListPerformanceTest.customSubList","avgt",1,5,4095.366763,242.223431,"ns/op",10000
"customlist.CustomListPerformanceTest.customSubList","avgt",1,5,8164.457237,1153.997115,"ns/op",20000
"customlist.CustomListPerformanceTest.customSubList","avgt",1,5,11472.130110,164.470213,"ns/op",30000
"customlist.CustomListPerformanceTest.customSubList","avgt",1,5,16964.640630,299.516426,"ns/op",40000
"customlist.CustomListPerformanceTest.customSubList","avgt",1,5,21408.752943,7716.216195,"ns/op",50000
"customlist.CustomListPerformanceTest.customSubList","avgt",1,5,29682.698504,389.727836,"ns/op",70000
"customlist.CustomListPerformanceTest.customSubList","avgt",1,5,35481.613663,1036.640839,"ns/op",80000
"customlist.CustomListPerformanceTest.customSubList","avgt",1,5,38357.811727,1020.952464,"ns/op",90000
"customlist.CustomListPerformanceTest.customSubList","avgt",1,5,42824.815091,1437.840827,"ns/op",100000
"customlist.CustomListPerformanceTest.customToArray","avgt",1,5,5663.122610,189.669672,"ns/op",10000
"customlist.CustomListPerformanceTest.customToArray","avgt",1,5,10425.781488,721.469885,"ns/op",20000
"customlist.CustomListPerformanceTest.customToArray","avgt",1,5,15761.290968,303.760340,"ns/op",30000
"customlist.CustomListPerformanceTest.customToArray","avgt",1,5,23898.129332,1342.828845,"ns/op",40000
"customlist.CustomListPerformanceTest.customToArray","avgt",1,5,27756.944408,667.990138,"ns/op",50000
"customlist.CustomListPerformanceTest.customToArray","avgt",1,5,40614.383674,744.401337,"ns/op",70000
"customlist.CustomListPerformanceTest.customToArray","avgt",1,5,47057.991720,792.950821,"ns/op",80000
"customlist.CustomListPerformanceTest.customToArray","avgt",1,5,53252.754203,12878.682126,"ns/op",90000
"customlist.CustomListPerformanceTest.customToArray","avgt",1,5,56530.946138,1074.967057,"ns/op",100000
"customlist.CustomListPerformanceTest.customToString","avgt",1,5,148925.099284,4119.099181,"ns/op",10000
"customlist.CustomListPerformanceTest.customToString","avgt",1,5,333224.499617,2791.371929,"ns/op",20000
"customlist.CustomListPerformanceTest.customToString","avgt",1,5,369466.343458,1899.407129,"ns/op",30000
"customlist.CustomListPerformanceTest.customToString","avgt",1,5,491674.557905,5919.483462,"ns/op",40000
"customlist.CustomListPerformanceTest.customToString","avgt",1,5,626691.867879,6087.874329,"ns/op",50000
"customlist.CustomListPerformanceTest.customToString","avgt",1,5,1090585.435004,18583.564500,"ns/op",70000
"customlist.CustomListPerformanceTest.customToString","avgt",1,5,1011727.461222,2084.660593,"ns/op",80000
"customlist.CustomListPerformanceTest.customToString","avgt",1,5,1166740.004677,22955.992626,"ns/op",90000
"customlist.CustomListPerformanceTest.customToString","avgt",1,5,1292034.239484,7238.761911,"ns/op",100000
"customlist.ListPerformanceTest.arrayListAdd","avgt",1,5,28131.254882,247.835636,"ns/op",10000
"customlist.ListPerformanceTest.arrayListAdd","avgt",1,5,52475.603882,532.828133,"ns/op",20000
"customlist.ListPerformanceTest.arrayListAdd","avgt",1,5,77509.506093,3621.844442,"ns/op",30000
"customlist.ListPerformanceTest.arrayListAdd","avgt",1,5,103433.194521,7449.818776,"ns/op",40000
"customlist.ListPerformanceTest.arrayListAdd","avgt",1,5,131752.199252,1391.428496,"ns/op",50000
"customlist.ListPerformanceTest.arrayListAdd","avgt",1,5,170515.793434,1377.964797,"ns/op",70000
"customlist.ListPerformanceTest.arrayListAdd","avgt",1,5,203492.495070,2216.177104,"ns/op",80000
"customlist.ListPerformanceTest.arrayListAdd","avgt",1,5,224238.847000,1716.104466,"ns/op",90000
"customlist.ListPerformanceTest.arrayListAdd","avgt",1,5,248988.311229,3605.293456,"ns/op",100000
"customlist.ListPerformanceTest.arrayListAddAll","avgt",1,5,2751.391318,164.783207,"ns/op",10000
"customlist.ListPerformanceTest.arrayListAddAll","avgt",1,5,5213.871518,929.770301,"ns/op",20000
"customlist.ListPerformanceTest.arrayListAddAll","avgt",1,5,8150.308444,219.367227,"ns/op",30000
"customlist.ListPerformanceTest.arrayListAddAll","avgt",1,5,11429.119719,322.711534,"ns/op",40000
"customlist.ListPerformanceTest.arrayListAddAll","avgt",1,5,16378.575508,10173.215451,"ns/op",50000
"customlist.ListPerformanceTest.arrayListAddAll","avgt",1,5,20024.569752,622.355138,"ns/op",70000
"customlist.ListPerformanceTest.arrayListAddAll","avgt",1,5,24142.282051,823.891331,"ns/op",80000
"customlist.ListPerformanceTest.arrayListAddAll","avgt",1,5,25808.498942,261.081539,"ns/op",90000
"customlist.ListPerformanceTest.arrayListAddAll","avgt",1,5,28964.249778,4281.099306,"ns/op",100000
"customlist.ListPerformanceTest.arrayListAddAllIndex","avgt",1,5,2850.507787,1097.160327,"ns/op",10000
"customlist.ListPerformanceTest.arrayListAddAllIndex","avgt",1,5,5139.713533,662.745272,"ns/op",20000
"customlist.ListPerformanceTest.arrayListAddAllIndex","avgt",1,5,8189.999847,324.368882,"ns/op",30000
"customlist.ListPerformanceTest.arrayListAddAllIndex","avgt",1,5,11413.965642,4295.747145,"ns/op",40000
"customlist.ListPerformanceTest.arrayListAddAllIndex","avgt",1,5,15422.165751,9848.689681,"ns/op",50000
"customlist.ListPerformanceTest.arrayListAddAllIndex","avgt",1,5,19312.994332,2533.484744,"ns/op",70000
"customlist.ListPerformanceTest.arrayListAddAllIndex","avgt",1,5,25176.330914,9943.928870,"ns/op",80000
"customlist.ListPerformanceTest.arrayListAddAllIndex","avgt",1,5,26180.597093,5292.414609,"ns/op",90000
"customlist.ListPerformanceTest.arrayListAddAllIndex","avgt",1,5,28911.558329,4269.953112,"ns/op",100000
"customlist.ListPerformanceTest.arrayListAddIndex","avgt",1,5,3887339.758755,11161.838488,"ns/op",10000
"customlist.ListPerformanceTest.arrayListAddIndex","avgt",1,5,15559481.227212,239943.143082,"ns/op",20000
"customlist.ListPerformanceTest.arrayListAddIndex","avgt",1,5,35207946.813793,339591.396878,"ns/op",30000
"customlist.ListPerformanceTest.arrayListAddIndex","avgt",1,5,65762509.900000,782582.427761,"ns/op",40000
"customlist.ListPerformanceTest.arrayListAddIndex","avgt",1,5,107674407.500000,828288.626776,"ns/op",50000
"customlist.ListPerformanceTest.arrayListAddIndex","avgt",1,5,218501813.360000,1155926.782395,"ns/op",70000
"customlist.ListPerformanceTest.arrayListAddIndex","avgt",1,5,287296837.450000,1278649.581106,"ns/op",80000
"customlist.ListPerformanceTest.arrayListAddIndex","avgt",1,5,365627230.466667,1149426.845633,"ns/op",90000
"customlist.ListPerformanceTest.arrayListAddIndex","avgt",1,5,453062766.866667,3522933.890228,"ns/op",100000
"customlist.ListPerformanceTest.arrayListCapacityConstructor","avgt",1,5,453.474270,63.131168,"ns/op",10000
"customlist.ListPerformanceTest.arrayListCapacityConstructor","avgt",1,5,1036.648891,1488.485131,"ns/op",20000
"customlist.ListPerformanceTest.arrayListCapacityConstructor","avgt",1,5,1112.204295,126.950245,"ns/op",30000
"customlist.ListPerformanceTest.arrayListCapacityConstructor","avgt",1,5,1420.437393,220.847481,"ns/op",40000
"customlist.ListPerformanceTest.arrayListCapacityConstructor","avgt",1,5,2237.153071,74.894798,"ns/op",50000
"customlist.ListPerformanceTest.arrayListCapacityConstructor","avgt",1,5,3141.789337,123.782362,"ns/op",70000
"customlist.ListPerformanceTest.arrayListCapacityConstructor","avgt",1,5,2880.196508,79.997155,"ns/op",80000
"customlist.ListPerformanceTest.arrayListCapacityConstructor","avgt",1,5,3703.493059,542.765717,"ns/op",90000
"customlist.ListPerformanceTest.arrayListCapacityConstructor","avgt",1,5,4554.006599,610.712103,"ns/op",100000
"customlist.ListPerformanceTest.arrayListClear","avgt",1,5,3739.605175,113.194616,"ns/op",10000
"customlist.ListPerformanceTest.arrayListClear","avgt",1,5,7093.799225,100.877554,"ns/op",20000
"customlist.ListPerformanceTest.arrayListClear","avgt",1,5,11073.852065,257.845373,"ns/op",30000
"customlist.ListPerformanceTest.arrayListClear","avgt",1,5,15618.539540,6565.688660,"ns/op",40000
"customlist.ListPerformanceTest.arrayListClear","avgt",1,5,19353.166420,560.104806,"ns/op",50000
"customlist.ListPerformanceTest.arrayListClear","avgt",1,5,26430.009168,7582.009018,"ns/op",70000
"customlist.ListPerformanceTest.arrayListClear","avgt",1,5,30147.202891,1892.849748,"ns/op",80000
"customlist.ListPerformanceTest.arrayListClear","avgt",1,5,32646.133158,89.475520,"ns/op",90000
"customlist.ListPerformanceTest.arrayListClear","avgt",1,5,36516.264112,760.125548,"ns/op",100000
"customlist.ListPerformanceTest.arrayListCollectionConstructor","avgt",1,5,1401.998920,74.301649,"ns/op",10000
"customlist.ListPerformanceTest.arrayListCollectionConstructor","avgt",1,5,2226.901280,102.254711,"ns/op",20000
"customlist.ListPerformanceTest.arrayListCollectionConstructor","avgt",1,5,3597.388429,906.151602,"ns/op",30000
"customlist.ListPerformanceTest.arrayListCollectionConstructor","avgt",1,5,5678.489987,6055.108610,"ns/op",40000
"customlist.ListPerformanceTest.arrayListCollectionConstructor","avgt",1,5,6547.224065,378.091857,"ns/op",50000
"customlist.ListPerformanceTest.arrayListCollectionConstructor","avgt",1,5,8849.680385,229.241863,"ns/op",70000
"customlist.ListPerformanceTest.arrayListCollectionConstructor","avgt",1,5,10414.310904,495.143766,"ns/op",80000
"customlist.ListPerformanceTest.arrayListCollectionConstructor","avgt",1,5,11166.931747,2043.534634,"ns/op",90000
"customlist.ListPerformanceTest.arrayListCollectionConstructor","avgt",1,5,13077.973051,493.788112,"ns/op",100000
"customlist.ListPerformanceTest.arrayListContains","avgt",1,5,23694321.120930,283482.123935,"ns/op",10000
"customlist.ListPerformanceTest.arrayListContains","avgt",1,5,23706177.492691,422038.469718,"ns/op",20000
"customlist.ListPerformanceTest.arrayListContains","avgt",1,5,23499905.432558,213107.343049,"ns/op",30000
"customlist.ListPerformanceTest.arrayListContains","avgt",1,5,23758482.429790,241409.128442,"ns/op",40000
"customlist.ListPerformanceTest.arrayListContains","avgt",1,5,23778381.696346,243111.425401,"ns/op",50000
"customlist.ListPerformanceTest.arrayListContains","avgt",1,5,23663391.132558,265213.037922,"ns/op",70000
"customlist.ListPerformanceTest.arrayListContains","avgt",1,5,23741603.575083,137757.379715,"ns/op",80000
"customlist.ListPerformanceTest.arrayListContains","avgt",1,5,23758960.752381,269265.586383,"ns/op",90000
"customlist.ListPerformanceTest.arrayListContains","avgt",1,5,23805802.204762,467117.012687,"ns/op",100000
"customlist.ListPerformanceTest.arrayListContainsAll","avgt",1,5,233156.992941,228.108215,"ns/op",10000
"customlist.ListPerformanceTest.arrayListContainsAll","avgt",1,5,234194.363936,511.967086,"ns/op",20000
"customlist.ListPerformanceTest.arrayListContainsAll","avgt",1,5,235671.411374,3399.774776,"ns/op",30000
"customlist.ListPerformanceTest.arrayListContainsAll","avgt",1,5,236239.545377,578.282990,"ns/op",40000
"customlist.ListPerformanceTest.arrayListContainsAll","avgt",1,5,239098.235005,3058.074860,"ns/op",50000
"customlist.ListPerformanceTest.arrayListContainsAll","avgt",1,5,240771.940998,4361.586310,"ns/op",70000
"customlist.ListPerformanceTest.arrayListContainsAll","avgt",1,5,242510.656096,3215.067483,"ns/op",80000
"customlist.ListPerformanceTest.arrayListContainsAll","avgt",1,5,242854.380501,7654.073592,"ns/op",90000
"customlist.ListPerformanceTest.arrayListContainsAll","avgt",1,5,241873.422748,17598.486487,"ns/op",100000
"customlist.ListPerformanceTest.arrayListDefaultConstructor","avgt",1,5,17.926407,12.092332,"ns/op",10000
"customlist.ListPerformanceTest.arrayListDefaultConstructor","avgt",1,5,22.366708,1.059077,"ns/op",20000
"customlist.ListPerformanceTest.arrayListDefaultConstructor","avgt",1,5,24.641062,4.816199,"ns/op",30000
"customlist.ListPerformanceTest.arrayListDefaultConstructor","avgt",1,5,22.759877,1.973986,"ns/op",40000
"customlist.ListPerformanceTest.arrayListDefaultConstructor","avgt",1,5,25.515472,9.504999,"ns/op",50000
"customlist.ListPerformanceTest.arrayListDefaultConstructor","avgt",1,5,32.970140,14.850249,"ns/op",70000
"customlist.ListPerformanceTest.arrayListDefaultConstructor","avgt",1,5,24.778445,3.721707,"ns/op",80000
"customlist.ListPerformanceTest.arrayListDefaultConstructor","avgt",1,5,25.494967,5.168071,"ns/op",90000
"customlist.ListPerformanceTest.arrayListDefaultConstructor","avgt",1,5,28.774496,6.683656,"ns/op",100000
"customlist.ListPerformanceTest.arrayListEquals","avgt",1,5,6679.070818,812.618319,"ns/op",10000
"customlist.ListPerformanceTest.arrayListEquals","avgt",1,5,12978.883338,323.891952,"ns/op",20000
"customlist.ListPerformanceTest.arrayListEquals","avgt",1,5,19628.082621,2162.180332,"ns/op",30000
"customlist.ListPerformanceTest.arrayListEquals","avgt",1,5,27309.668505,5867.551883,"ns/op",40000
"customlist.ListPerformanceTest.arrayListEquals","avgt",1,5,33268.934353,465.051932,"ns/op",50000
"customlist.ListPerformanceTest.arrayListEquals","avgt",1,5,46549.359607,228.478298,"ns/op",70000
"customlist.ListPerformanceTest.arrayListEquals","avgt",1,5,54638.413379,6756.002639,"ns/op",80000
"customlist.ListPerformanceTest.arrayListEquals","avgt",1,5,60596.540874,671.583322,"ns/op",90000
"customlist.ListPerformanceTest.arrayListEquals","avgt",1,5,65545.902225,985.336564,"ns/op",100000
"customlist.ListPerformanceTest.arrayListGet","avgt",1,5,2545.519464,118.296631,"ns/op",10000
"customlist.ListPerformanceTest.arrayListGet","avgt",1,5,4753.762843,182.586783,"ns/op",20000
"customlist.ListPerformanceTest.arrayListGet","avgt",1,5,6439.745146,218.517447,"ns/op",30000
"customlist.ListPerformanceTest.arrayListGet","avgt",1,5,9812.319912,5903.002830,"ns/op",40000
"customlist.ListPerformanceTest.arrayListGet","avgt",1,5,11538.916382,270.304437,"ns/op",50000
"customlist.ListPerformanceTest.arrayListGet","avgt",1,5,15527.152395,2609.502609,"ns/op",70000
"customlist.ListPerformanceTest.arrayListGet","avgt",1,5,19068.475328,748.028851,"ns/op",80000
"customlist.ListPerformanceTest.arrayListGet","avgt",1,5,20935.335232,3262.695100,"ns/op",90000
"customlist.ListPerformanceTest.arrayListGet","avgt",1,5,21925.399971,683.732950,"ns/op",100000
"customlist.ListPerformanceTest.arrayListHashCode","avgt",1,5,10252.371255,675.366027,"ns/op",10000
"customlist.ListPerformanceTest.arrayListHashCode","avgt",1,5,20513.811345,155.498527,"ns/op",20000
"customlist.ListPerformanceTest.arrayListHashCode","avgt",1,5,30405.304898,277.174924,"ns/op",30000
"customlist.ListPerformanceTest.arrayListHashCode","avgt",1,5,41921.519149,6323.293213,"ns/op",40000
"customlist.ListPerformanceTest.arrayListHashCode","avgt",1,5,51986.111344,376.213502,"ns/op",50000
"customlist.ListPerformanceTest.arrayListHashCode","avgt",1,5,72202.333644,2798.227859,"ns/op",70000
"customlist.ListPerformanceTest.arrayListHashCode","avgt",1,5,82901.803412,565.470344,"ns/op",80000
"customlist.ListPerformanceTest.arrayListHashCode","avgt",1,5,93563.107200,9099.077384,"ns/op",90000
"customlist.ListPerformanceTest.arrayListHashCode","avgt",1,5,104778.931717,2056.714689,"ns/op",100000
"customlist.ListPerformanceTest.arrayListIndexOf","avgt",1,5,23025035.195455,189323.203598,"ns/op",10000
"customlist.ListPerformanceTest.arrayListIndexOf","avgt",1,5,23085705.895455,280524.535477,"ns/op",20000
"customlist.ListPerformanceTest.arrayListIndexOf","avgt",1,5,22868459.427273,219088.028209,"ns/op",30000
"customlist.ListPerformanceTest.arrayListIndexOf","avgt",1,5,23098681.982030,257827.364296,"ns/op",40000
"customlist.ListPerformanceTest.arrayListIndexOf","avgt",1,5,23150640.368182,147561.884320,"ns/op",50000
"customlist.ListPerformanceTest.arrayListIndexOf","avgt",1,5,23134724.976533,230740.013753,"ns/op",70000
"customlist.ListPerformanceTest.arrayListIndexOf","avgt",1,5,23253120.423155,1086959.868254,"ns/op",80000
"customlist.ListPerformanceTest.arrayListIndexOf","avgt",1,5,23139434.865328,151057.932739,"ns/op",90000
"customlist.ListPerformanceTest.arrayListIndexOf","avgt",1,5,23293710.665116,736486.683950,"ns/op",100000
"customlist.ListPerformanceTest.arrayListIsEmpty","avgt",1,5,1163.027831,859.041779,"ns/op",10000
"customlist.ListPerformanceTest.arrayListIsEmpty","avgt",1,5,2688.397471,1719.819425,"ns/op",20000
"customlist.ListPerformanceTest.arrayListIsEmpty","avgt",1,5,3483.879170,1433.591387,"ns/op",30000
"customlist.ListPerformanceTest.arrayListIsEmpty","avgt",1,5,5681.790969,5215.671637,"ns/op",40000
"customlist.ListPerformanceTest.arrayListIsEmpty","avgt",1,5,6768.687184,414.892326,"ns/op",50000
"customlist.ListPerformanceTest.arrayListIsEmpty","avgt",1,5,8761.407338,3020.086492,"ns/op",70000
"customlist.ListPerformanceTest.arrayListIsEmpty","avgt",1,5,10259.239305,122.202348,"ns/op",80000
"customlist.ListPerformanceTest.arrayListIsEmpty","avgt",1,5,10979.801394,478.495236,"ns/op",90000
"customlist.ListPerformanceTest.arrayListIsEmpty","avgt",1,5,11603.125968,574.050651,"ns/op",100000
"customlist.ListPerformanceTest.arrayListIteratorNext","avgt",1,5,4918.083259,835.812252,"ns/op",10000
"customlist.ListPerformanceTest.arrayListIteratorNext","avgt",1,5,8311.843361,88.655663,"ns/op",20000
"customlist.ListPerformanceTest.arrayListIteratorNext","avgt",1,5,12718.642425,2800.027845,"ns/op",30000
"customlist.ListPerformanceTest.arrayListIteratorNext","avgt",1,5,17569.558598,5532.697659,"ns/op",40000
"customlist.ListPerformanceTest.arrayListIteratorNext","avgt",1,5,21848.550351,390.218828,"ns/op",50000
"customlist.ListPerformanceTest.arrayListIteratorNext","avgt",1,5,29172.603175,4464.877896,"ns/op",70000
"customlist.ListPerformanceTest.arrayListIteratorNext","avgt",1,5,33629.148752,557.619486,"ns/op",80000
"customlist.ListPerformanceTest.arrayListIteratorNext","avgt",1,5,37239.283667,407.334387,"ns/op",90000
"customlist.ListPerformanceTest.arrayListIteratorNext","avgt",1,5,42151.811336,1091.949614,"ns/op",100000
"customlist.ListPerformanceTest.arrayListLastIndexOf","avgt",1,5,23424350.634355,354049.180467,"ns/op",10000
"customlist.ListPerformanceTest.arrayListLastIndexOf","avgt",1,5,67373387.827500,999925.982588,"ns/op",20000
"customlist.ListPerformanceTest.arrayListLastIndexOf","avgt",1,5,111552105.840000,1564104.363598,"ns/op",30000
"customlist.ListPerformanceTest.arrayListLastIndexOf","avgt",1,5,156162632.085714,2123173.388770,"ns/op",40000
"customlist.ListPerformanceTest.arrayListLastIndexOf","avgt",1,5,200285427.700000,1599740.007471,"ns/op",50000
"customlist.ListPerformanceTest.arrayListLastIndexOf","avgt",1,5,285321066.750000,23217126.419488,"ns/op",70000
"customlist.ListPerformanceTest.arrayListLastIndexOf","avgt",1,5,332399831.200000,2832031.269459,"ns/op",80000
"customlist.ListPerformanceTest.arrayListLastIndexOf","avgt",1,5,368233491.733333,39366369.380147,"ns/op",90000
"customlist.ListPerformanceTest.arrayListLastIndexOf","avgt",1,5,417678594.400000,26039576.038509,"ns/op",100000
"customlist.ListPerformanceTest.arrayListListIteratorAdd","avgt",1,5,35385.074166,852.473211,"ns/op",10000
"customlist.ListPerformanceTest.arrayListListIteratorAdd","avgt",1,5,64654.260587,1040.894130,"ns/op",20000
"customlist.ListPerformanceTest.arrayListListIteratorAdd","avgt",1,5,96204.210517,3108.923685,"ns/op",30000
"customlist.ListPerformanceTest.arrayListListIteratorAdd","avgt",1,5,128632.443322,1026.024255,"ns/op",40000
"customlist.ListPerformanceTest.arrayListListIteratorAdd","avgt",1,5,163583.603400,1248.337352,"ns/op",50000
"customlist.ListPerformanceTest.arrayListListIteratorAdd","avgt",1,5,219301.240398,6219.819947,"ns/op",70000
"customlist.ListPerformanceTest.arrayListListIteratorAdd","avgt",1,5,255685.521200,2128.976267,"ns/op",80000
"customlist.ListPerformanceTest.arrayListListIteratorAdd","avgt",1,5,283936.833600,4349.117798,"ns/op",90000
"customlist.ListPerformanceTest.arrayListListIteratorAdd","avgt",1,5,313061.752096,1671.218827,"ns/op",100000
"customlist.ListPerformanceTest.arrayListListIteratorRemove","avgt",1,5,3885253.461665,11396.667889,"ns/op",10000
"customlist.ListPerformanceTest.arrayListListIteratorRemove","avgt",1,5,15443796.655385,46378.910840,"ns/op",20000
"customlist.ListPerformanceTest.arrayListListIteratorRemove","avgt",1,5,34937134.731034,163116.438142,"ns/op",30000
"customlist.ListPerformanceTest.arrayListListIteratorRemove","avgt",1,5,64915235.937500,1022363.586072,"ns/op",40000
"customlist.ListPerformanceTest.arrayListListIteratorRemove","avgt",1,5,106116933.320000,527908.442963,"ns/op",50000
"customlist.ListPerformanceTest.arrayListListIteratorRemove","avgt",1,5,215973230.040000,2133034.066866,"ns/op",70000
"customlist.ListPerformanceTest.arrayListListIteratorRemove","avgt",1,5,284449479.200000,3097020.155144,"ns/op",80000
"customlist.ListPerformanceTest.arrayListListIteratorRemove","avgt",1,5,361390208.400000,1602895.802030,"ns/op",90000
"customlist.ListPerformanceTest.arrayListListIteratorRemove","avgt",1,5,447850483.200000,3673615.638067,"ns/op",100000
"customlist.ListPerformanceTest.arrayListListIteratorSet","avgt",1,5,21174.891354,2398.732766,"ns/op",10000
"customlist.ListPerformanceTest.arrayListListIteratorSet","avgt",1,5,41347.503364,776.728437,"ns/op",20000
"customlist.ListPerformanceTest.arrayListListIteratorSet","avgt",1,5,61957.705766,158.361346,"ns/op",30000
"customlist.ListPerformanceTest.arrayListListIteratorSet","avgt",1,5,82894.015667,1131.928990,"ns/op",40000
"customlist.ListPerformanceTest.arrayListListIteratorSet","avgt",1,5,104297.318501,1410.787478,"ns/op",50000
"customlist.ListPerformanceTest.arrayListListIteratorSet","avgt",1,5,144971.523038,2659.266166,"ns/op",70000
"customlist.ListPerformanceTest.arrayListListIteratorSet","avgt",1,5,166710.758347,126.188591,"ns/op",80000
"customlist.ListPerformanceTest.arrayListListIteratorSet","avgt",1,5,188450.719013,1095.033186,"ns/op",90000
"customlist.ListPerformanceTest.arrayListListIteratorSet","avgt",1,5,209018.566701,10608.163717,"ns/op",100000
"customlist.ListPerformanceTest.arrayListRemoveAll","avgt",1,5,14144382.845892,186947.085433,"ns/op",10000
"customlist.ListPerformanceTest.arrayListRemoveAll","avgt",1,5,65780357.775000,1296445.375800,"ns/op",20000
"customlist.ListPerformanceTest.arrayListRemoveAll","avgt",1,5,145027047.600000,1594363.651842,"ns/op",30000
"customlist.ListPerformanceTest.arrayListRemoveAll","avgt",1,5,252142580.770000,2230328.878569,"ns/op",40000
"customlist.ListPerformanceTest.arrayListRemoveAll","avgt",1,5,398580736.133333,19927172.081126,"ns/op",50000
"customlist.ListPerformanceTest.arrayListRemoveAll","avgt",1,5,766992158.400000,32026683.986639,"ns/op",70000
"customlist.ListPerformanceTest.arrayListRemoveAll","avgt",1,5,1011028045.800000,108874608.206251,"ns/op",80000
"customlist.ListPerformanceTest.arrayListRemoveAll","avgt",1,5,1274144750.000000,189484756.914096,"ns/op",90000
"customlist.ListPerformanceTest.arrayListRemoveAll","avgt",1,5,1591696649.800000,330645250.227948,"ns/op",100000
"customlist.ListPerformanceTest.arrayListRemoveIndex","avgt",1,5,13807.968310,1407.421291,"ns/op",10000
"customlist.ListPerformanceTest.arrayListRemoveIndex","avgt",1,5,27638.590402,995.530829,"ns/op",20000
"customlist.ListPerformanceTest.arrayListRemoveIndex","avgt",1,5,41188.792194,626.336052,"ns/op",30000
"customlist.ListPerformanceTest.arrayListRemoveIndex","avgt",1,5,54858.141757,608.333067,"ns/op",40000
"customlist.ListPerformanceTest.arrayListRemoveIndex","avgt",1,5,69255.046880,407.428747,"ns/op",50000
"customlist.ListPerformanceTest.arrayListRemoveIndex","avgt",1,5,91676.687352,7584.902568,"ns/op",70000
"customlist.ListPerformanceTest.arrayListRemoveIndex","avgt",1,5,105259.611908,1388.745854,"ns/op",80000
"customlist.ListPerformanceTest.arrayListRemoveIndex","avgt",1,5,118100.879823,9894.845375,"ns/op",90000
"customlist.ListPerformanceTest.arrayListRemoveIndex","avgt",1,5,129906.290900,451.533031,"ns/op",100000
"customlist.ListPerformanceTest.arrayListRemoveObject","avgt",1,5,3887464.215193,10480.087183,"ns/op",10000
"customlist.ListPerformanceTest.arrayListRemoveObject","avgt",1,5,15494642.742740,260352.908062,"ns/op",20000
"customlist.ListPerformanceTest.arrayListRemoveObject","avgt",1,5,35085406.027586,456878.234347,"ns/op",30000
"customlist.ListPerformanceTest.arrayListRemoveObject","avgt",1,5,65628220.212500,587127.822854,"ns/op",40000
"customlist.ListPerformanceTest.arrayListRemoveObject","avgt",1,5,107015399.960000,2539028.219474,"ns/op",50000
"customlist.ListPerformanceTest.arrayListRemoveObject","avgt",1,5,217061711.600000,1020216.929238,"ns/op",70000
"customlist.ListPerformanceTest.arrayListRemoveObject","avgt",1,5,285615727.150000,1480798.897011,"ns/op",80000
"customlist.ListPerformanceTest.arrayListRemoveObject","avgt",1,5,363603313.933333,1516462.291288,"ns/op",90000
"customlist.ListPerformanceTest.arrayListRemoveObject","avgt",1,5,451713205.533333,8125651.687502,"ns/op",100000
"customlist.ListPerformanceTest.arrayListRetainAll","avgt",1,5,14223795.676781,50741.667006,"ns/op",10000
"customlist.ListPerformanceTest.arrayListRetainAll","avgt",1,5,66627589.761667,795997.524505,"ns/op",20000
"customlist.ListPerformanceTest.arrayListRetainAll","avgt",1,5,147469135.657143,2549190.583415,"ns/op",30000
"customlist.ListPerformanceTest.arrayListRetainAll","avgt",1,5,259732787.450000,3816292.082179,"ns/op",40000
"customlist.ListPerformanceTest.arrayListRetainAll","avgt",1,5,405321166.666667,16376195.368009,"ns/op",50000
"customlist.ListPerformanceTest.arrayListRetainAll","avgt",1,5,780881996.100000,32694409.502679,"ns/op",70000
"customlist.ListPerformanceTest.arrayListRetainAll","avgt",1,5,1026406145.700000,93640897.654251,"ns/op",80000
"customlist.ListPerformanceTest.arrayListRetainAll","avgt",1,5,1289446141.600000,173467044.201267,"ns/op",90000
"customlist.ListPerformanceTest.arrayListRetainAll","avgt",1,5,1602500391.600000,176208752.282970,"ns/op",100000
"customlist.ListPerformanceTest.arrayListSet","avgt",1,5,19936.916497,14917.685022,"ns/op",10000
"customlist.ListPerformanceTest.arrayListSet","avgt",1,5,35849.628141,189.878850,"ns/op",20000
"customlist.ListPerformanceTest.arrayListSet","avgt",1,5,48553.497214,1167.875873,"ns/op",30000
"customlist.ListPerformanceTest.arrayListSet","avgt",1,5,69844.391694,3182.971246,"ns/op",40000
"customlist.ListPerformanceTest.arrayListSet","avgt",1,5,87551.374299,3426.596734,"ns/op",50000
"customlist.ListPerformanceTest.arrayListSet","avgt",1,5,135269.028432,1425.309252,"ns/op",70000
"customlist.ListPerformanceTest.arrayListSet","avgt",1,5,120874.989281,33927.567870,"ns/op",80000
"customlist.ListPerformanceTest.arrayListSet","avgt",1,5,149474.363320,2459.876855,"ns/op",90000
"customlist.ListPerformanceTest.arrayListSet","avgt",1,5,163639.686649,5851.593845,"ns/op",100000
"customlist.ListPerformanceTest.arrayListSize","avgt",1,5,1163.885097,847.765900,"ns/op",10000
"customlist.ListPerformanceTest.arrayListSize","avgt",1,5,2300.131790,664.960492,"ns/op",20000
"customlist.ListPerformanceTest.arrayListSize","avgt",1,5,3382.921942,638.456470,"ns/op",30000
"customlist.ListPerformanceTest.arrayListSize","avgt",1,5,5118.698779,4957.700450,"ns/op",40000
"customlist.ListPerformanceTest.arrayListSize","avgt",1,5,6750.138119,184.467059,"ns/op",50000
"customlist.ListPerformanceTest.arrayListSize","avgt",1,5,8688.787687,2871.712502,"ns/op",70000
"customlist.ListPerformanceTest.arrayListSize","avgt",1,5,10286.821865,253.617326,"ns/op",80000
"customlist.ListPerformanceTest.arrayListSize","avgt",1,5,11900.268297,1255.763324,"ns/op",90000
"customlist.ListPerformanceTest.arrayListSize","avgt",1,5,12887.951490,1314.860839,"ns/op",100000
"customlist.ListPerformanceTest.arrayListSubList","avgt",1,5,1195.129203,833.933071,"ns/op",10000
"customlist.ListPerformanceTest.arrayListSubList","avgt",1,5,2219.886325,81.710093,"ns/op",20000
"customlist.ListPerformanceTest.arrayListSubList","avgt",1,5,3341.003223,248.451914,"ns/op",30000
"customlist.ListPerformanceTest.arrayListSubList","avgt",1,5,4487.644407,119.123229,"ns/op",40000
"customlist.ListPerformanceTest.arrayListSubList","avgt",1,5,7153.334836,265.761155,"ns/op",50000
"customlist.ListPerformanceTest.arrayListSubList","avgt",1,5,8914.498278,87.143501,"ns/op",70000
"customlist.ListPerformanceTest.arrayListSubList","avgt",1,5,10826.205777,398.416430,"ns/op",80000
"customlist.ListPerformanceTest.arrayListSubList","avgt",1,5,11781.118938,1878.789373,"ns/op",90000
"customlist.ListPerformanceTest.arrayListSubList","avgt",1,5,12851.755468,647.182599,"ns/op",100000
"customlist.ListPerformanceTest.arrayListToArray","avgt",1,5,2760.958751,221.343105,"ns/op",10000
"customlist.ListPerformanceTest.arrayListToArray","avgt",1,5,5217.061075,1585.676303,"ns/op",20000
"customlist.ListPerformanceTest.arrayListToArray","avgt",1,5,7521.349252,410.696948,"ns/op",30000
"customlist.ListPerformanceTest.arrayListToArray","avgt",1,5,10478.395944,317.416729,"ns/op",40000
"customlist.ListPerformanceTest.arrayListToArray","avgt",1,5,15495.785166,12277.341351,"ns/op",50000
"customlist.ListPerformanceTest.arrayListToArray","avgt",1,5,18286.145835,521.605308,"ns/op",70000
"customlist.ListPerformanceTest.arrayListToArray","avgt",1,5,22753.116875,3935.870664,"ns/op",80000
"customlist.ListPerformanceTest.arrayListToArray","avgt",1,5,22675.585501,334.941688,"ns/op",90000
"customlist.ListPerformanceTest.arrayListToArray","avgt",1,5,26126.760126,860.055597,"ns/op",100000
"customlist.ListPerformanceTest.arrayListToString","avgt",1,5,145143.461102,2815.677816,"ns/op",10000
"customlist.ListPerformanceTest.arrayListToString","avgt",1,5,287005.994676,7623.725575,"ns/op",20000
"customlist.ListPerformanceTest.arrayListToString","avgt",1,5,439580.001350,5769.390475,"ns/op",30000
"customlist.ListPerformanceTest.arrayListToString","avgt",1,5,510576.683237,3775.187704,"ns/op",40000
"customlist.ListPerformanceTest.arrayListToString","avgt",1,5,717231.011170,8905.870200,"ns/op",50000
"customlist.ListPerformanceTest.arrayListToString","avgt",1,5,991648.293499,9160.787526,"ns/op",70000
"customlist.ListPerformanceTest.arrayListToString","avgt",1,5,1171826.259202,9749.430095,"ns/op",80000
"customlist.ListPerformanceTest.arrayListToString","avgt",1,5,1352390.809551,34337.497176,"ns/op",90000
"customlist.ListPerformanceTest.arrayListToString","avgt",1,5,1497433.587951,23880.161537,"ns/op",100000
